date,close,volume
2024-10-05,62089.94921875,13305410749
2024-10-06,62818.953125,14776233667
2024-10-07,62236.66015625,34253562610
2024-10-08,62131.96875,28134475157
2024-10-09,60582.1015625,27670982363
2024-10-10,60274.5,30452813570
2024-10-11,62445.08984375,30327141594
2024-10-12,63193.0234375,16744110886
2024-10-13,62851.375,18177529690
2024-10-14,66046.125,43706958056
2024-10-15,67041.109375,48863870879
2024-10-16,67612.71875,38195189534
2024-10-17,67399.8359375,32790898511
2024-10-18,68418.7890625,36857165014
2024-10-19,68362.734375,14443497908
2024-10-20,69001.703125,18975847518
2024-10-21,67367.8515625,37498611780
2024-10-22,67361.40625,31808472566
2024-10-23,66432.1953125,32263980353
2024-10-24,68161.0546875,31414428647
2024-10-25,66642.4140625,41469984306
2024-10-26,67014.6953125,19588098156
2024-10-27,67929.296875,16721307878
2024-10-28,69907.7578125,38799856657
2024-10-29,72720.4921875,58541874402
2024-10-30,72339.5390625,40646637831
2024-10-31,70215.1875,40627912076
2024-11-01,69482.46875,49989795365
2024-11-02,69289.2734375,18184612091
2024-11-03,68741.1171875,34868307655
2024-11-04,67811.5078125,41184819348
2024-11-05,69359.5625,46046889204
2024-11-06,75639.078125,118592653963
2024-11-07,75904.859375,63467654989
2024-11-08,76545.4765625,55176858003
2024-11-09,76778.8671875,29009480361
2024-11-10,80474.1875,82570594495
2024-11-11,88701.484375,117966845037
2024-11-12,87955.8125,133673285375
2024-11-13,90584.1640625,123559027869
2024-11-14,87250.4296875,87616705248
2024-11-15,91066.0078125,78243109518
2024-11-16,90558.4765625,44333192814
2024-11-17,89845.8515625,46350159305
2024-11-18,90542.640625,75535775084
2024-11-19,92343.7890625,74521048295
2024-11-20,94339.4921875,71730956426
2024-11-21,98504.7265625,106024505582
2024-11-22,98997.6640625,78473580551
2024-11-23,97777.28125,44414644677
2024-11-24,98013.8203125,51712020623
2024-11-25,93102.296875,80909462490
2024-11-26,91985.3203125,91656519855
2024-11-27,95962.53125,71133452438
2024-11-28,95652.46875,52260008261
2024-11-29,97461.5234375,54968682476
2024-11-30,96449.0546875,31634227866
2024-12-01,97279.7890625,36590695296
2024-12-02,95865.3046875,72680784305
2024-12-03,96002.1640625,67067810961
2024-12-04,98768.53125,77199817112
2024-12-05,96593.5703125,149218945580
2024-12-06,99920.7109375,94534772658
2024-12-07,99923.3359375,44177510897
2024-12-08,101236.015625,44125751925
2024-12-09,97432.71875,110676473908
2024-12-10,96675.4296875,104823780634
2024-12-11,101173.03125,85391409936
2024-12-12,100043.0,72073983533
2024-12-13,101459.2578125,56894751583
2024-12-14,101372.96875,40422968793
2024-12-15,104298.6953125,51145914137
2024-12-16,106029.71875,91020417816
2024-12-17,106140.6015625,68589364868
2024-12-18,100041.5390625,93865656139
2024-12-19,97490.953125,97221662392
2024-12-20,97755.9296875,105634083408
2024-12-21,97224.7265625,51765334294
2024-12-22,95104.9375,43147981314
2024-12-23,94686.2421875,65239002919
2024-12-24,98676.09375,47114953674
2024-12-25,99299.1953125,33700394629
2024-12-26,95795.515625,47054980873
2024-12-27,94164.859375,52419934565
2024-12-28,95163.9296875,24107436185
2024-12-29,93530.2265625,29635885267
2024-12-30,92643.2109375,56188003691
2024-12-31,93429.203125,43625106843
2025-01-01,94419.7578125,24519888919
2025-01-02,96886.875,46009564411
2025-01-03,98107.4296875,35611391163
2025-01-04,98236.2265625,22342608078
2025-01-05,98314.9609375,20525254825
2025-01-06,102078.0859375,51823432705
2025-01-07,96922.703125,58685738547
2025-01-08,95043.5234375,63875859171
2025-01-09,92484.0390625,62777261693
2025-01-10,94701.453125,62058693684
2025-01-11,94566.59375,18860894100
2025-01-12,94488.4375,20885130965
2025-01-13,94516.5234375,72978998252
2025-01-14,96534.046875,53769675818
2025-01-15,100504.4921875,57805923627
2025-01-16,99756.90625,54103781805
2025-01-17,104462.0390625,71888972663
2025-01-18,104408.0703125,50445655726
2025-01-19,101089.609375,76789928525
2025-01-20,102016.6640625,126279678351
2025-01-21,106146.265625,88733878242
2025-01-22,103653.0703125,53878181052
2025-01-23,103960.171875,104104515428
2025-01-24,104819.484375,52388229265
2025-01-25,104714.6484375,23888996502
2025-01-26,102682.5,22543395879
2025-01-27,102087.6875,89006608428
2025-01-28,101332.4765625,47180685494
2025-01-29,103703.2109375,47432049818
2025-01-30,104735.3046875,41915744521
2025-01-31,102405.0234375,45732764360
2025-02-01,100655.90625,27757944848
2025-02-02,97688.9765625,63091816853
2025-02-03,101405.421875,115400897748
2025-02-04,97871.8203125,73002130211
2025-02-05,96615.4453125,49125911241
2025-02-06,96593.296875,45302471947
2025-02-07,96529.0859375,55741290456
2025-02-08,96482.453125,22447526395
2025-02-09,96500.09375,27732901800
2025-02-10,97437.5546875,40078962391
2025-02-11,95747.4296875,37488783272
2025-02-12,97885.859375,49340445530
2025-02-13,96623.8671875,37147280860
2025-02-14,97508.96875,32697987277
2025-02-15,97580.3515625,17047266288
2025-02-16,96175.03125,16536755396
2025-02-17,95773.3828125,27336550690
2025-02-18,95539.546875,37325720482
2025-02-19,96635.609375,28990872862
2025-02-20,98333.9375,31668022771
2025-02-21,96125.546875,49608706470
2025-02-22,96577.7578125,18353824477
2025-02-23,96273.921875,16999478976
2025-02-24,91418.171875,44046480529
2025-02-25,88736.171875,92139104128
2025-02-26,84347.0234375,64597492134
2025-02-27,84704.2265625,52659591954
2025-02-28,84373.0078125,83610570576
2025-03-01,86031.9140625,29190628396
2025-03-02,94248.3515625,58398341092
2025-03-03,86065.671875,70072228536
2025-03-04,87222.1953125,68095241474
2025-03-05,90623.5625,50498988027
2025-03-06,89961.7265625,47749810486
2025-03-07,86742.671875,65945677657
2025-03-08,86154.59375,18206118081
2025-03-09,80601.0390625,30899345977
2025-03-10,78532.0,54061099422
2025-03-11,82862.2109375,54702837196
2025-03-12,83722.359375,40353484454
2025-03-13,81066.703125,31412940153
2025-03-14,83969.1015625,29588112414
2025-03-15,84343.109375,13650491277
2025-03-16,82579.6875,21330270174
2025-03-17,84075.6875,25092785558
2025-03-18,82718.5,24095774594
2025-03-19,86854.2265625,34931960257
2025-03-20,84167.1953125,29028988961
2025-03-21,84043.2421875,19030452299
2025-03-22,83832.484375,9863214091
2025-03-23,86054.375,12594615537
2025-03-24,87498.9140625,34582604933
2025-03-25,87471.703125,30005840049
2025-03-26,86900.8828125,26704046038
2025-03-27,87177.1015625,24413471941
2025-03-28,84353.1484375,34198619509
2025-03-29,82597.5859375,16969396135
2025-03-30,82334.5234375,14763760943
2025-03-31,82548.9140625,29004228247
2025-04-01,85169.171875,28175650319
2025-04-02,82485.7109375,47584398470
2025-04-03,83102.828125,36852112080
2025-04-04,83843.8046875,45157640207
2025-04-05,83504.796875,14380803631
2025-04-06,78214.484375,36294853736
2025-04-07,79235.3359375,91262424987
2025-04-08,76271.953125,48314590749
2025-04-09,82573.953125,84213627038
2025-04-10,79626.140625,44718000633
2025-04-11,83404.8359375,41656778779
2025-04-12,85287.109375,24258059104
2025-04-13,83684.9765625,28796984817
2025-04-14,84542.390625,34090769777
2025-04-15,83668.9921875,28040322885
2025-04-16,84033.8671875,29617804112
2025-04-17,84895.75,21276866029
2025-04-18,84450.8046875,12728372364
2025-04-19,85063.4140625,15259300427
2025-04-20,85174.3046875,14664050812
2025-04-21,87518.90625,41396190190
2025-04-22,93441.890625,55899038456
2025-04-23,93699.109375,41719568821
2025-04-24,93943.796875,31483175315
2025-04-25,94720.5,40915232364
2025-04-26,94646.9296875,17612825123
2025-04-27,93754.84375,18090367764
2025-04-28,94978.75,32363449569
2025-04-29,94284.7890625,25806129921
2025-04-30,94207.3125,28344679831
2025-05-01,96492.3359375,32875889623
2025-05-02,96910.0703125,26421924677
2025-05-03,95891.796875,15775154889
2025-05-04,94315.9765625,18198688416
2025-05-05,94748.0546875,25816260327
2025-05-06,96802.4765625,26551275827
2025-05-07,97032.3203125,76983822462
2025-05-08,103241.4609375,69895404397
2025-05-09,102970.8515625,58198593958
2025-05-10,104696.328125,42276713994
2025-05-11,104106.359375,46285517406
2025-05-12,102812.953125,63250475404
2025-05-13,104169.8125,52608876410
2025-05-14,103539.4140625,45956071155
2025-05-15,103744.640625,50408241840
2025-05-16,103489.2890625,44386499364
2025-05-17,103191.0859375,37898552742
2025-05-18,106446.0078125,49887082058
2025-05-19,105606.1796875,61761126647
2025-05-20,106791.0859375,36515726122
2025-05-21,109678.078125,78086364051
2025-05-22,111673.28125,70157575642
2025-05-23,107287.796875,67548133399
2025-05-24,107791.15625,45903627163
2025-05-25,109035.390625,47518041841
2025-05-26,109440.3671875,45950461571
2025-05-27,108994.640625,57450176272
2025-05-28,107802.328125,49155377493
2025-05-29,105641.7578125,56022752042
2025-05-30,103998.5703125,57655287183
2025-05-31,104638.09375,38997843858
2025-06-01,105652.1015625,37397056873
2025-06-02,105881.53125,45819706290
2025-06-03,105432.46875,46196508367
2025-06-04,104731.984375,44544857105
2025-06-05,101575.953125,57479298400
2025-06-06,104390.34375,48856653697
2025-06-07,105615.625,38365033776
2025-06-08,105793.6484375,36626232328
2025-06-09,110294.1015625,55903193732
2025-06-10,110257.234375,54700101509
2025-06-11,108686.625,50842662052
2025-06-12,105929.0546875,54843867968
2025-06-13,106090.96875,69550440846
2025-06-14,105472.40625,38007870453
2025-06-15,105552.0234375,36744307742
2025-06-16,106796.7578125,50366626945
2025-06-17,104601.1171875,55964092176
2025-06-18,104883.328125,47318089133
2025-06-19,104684.2890625,37333806920
2025-06-20,103309.6015625,50951862476
2025-06-21,102257.40625,38360555118
2025-06-22,100987.140625,65536997201
2025-06-23,105577.7734375,65237759656
2025-06-24,106045.6328125,48822986421
2025-06-25,107361.2578125,51624120283
2025-06-26,106960.0,43891990613
2025-06-27,107088.4296875,45353692675
2025-06-28,107327.703125,30037708335
2025-06-29,108385.5703125,35534874438
2025-06-30,107135.3359375,42064804590
2025-07-01,105698.28125,44110692247
2025-07-02,108859.3203125,56248657737
2025-07-03,109647.9765625,50494742270
2025-07-04,108034.3359375,42616442656
2025-07-05,108231.1796875,30615537520
2025-07-06,109232.0703125,36746020463
2025-07-07,108299.8515625,45415696597
2025-07-08,108950.2734375,44282204127
2025-07-09,111326.5546875,57927418065
2025-07-10,115987.203125,95911605728
2025-07-11,117516.9921875,86928361085
2025-07-12,117435.2265625,45524560304
2025-07-13,119116.1171875,49021091807
2025-07-14,119849.703125,181746419401
2025-07-15,117777.1875,98321661181
2025-07-16,118738.5078125,72162029070
2025-07-17,119289.84375,72363841798
2025-07-18,118003.2265625,77945799785
2025-07-19,117939.9765625,47564562765
2025-07-20,117300.7890625,57515447231
2025-07-21,117439.5390625,69820091744
2025-07-22,119995.4140625,79217583118
2025-07-23,118754.9609375,66608604537
2025-07-24,118368.0,72627318560
2025-07-25,117635.8828125,104857024569
2025-07-26,117947.3671875,48508954046
2025-07-27,119448.4921875,54683390892
2025-07-28,117924.4765625,64822943193
2025-07-29,117922.1484375,68463107433
2025-07-30,117831.1875,68896148592
2025-07-31,115758.203125,69370346018
2025-08-01,113320.0859375,91294530181
2025-08-02,112526.9140625,56870866000
2025-08-03,114217.671875,48099615826
2025-08-04,115071.8828125,35783028986
2025-08-05,114141.4453125,61039182286
2025-08-06,115028.0,56379133510
2025-08-07,117496.8984375,64051649681
2025-08-08,116688.7265625,59713005166
2025-08-09,116500.359375,54004312429
2025-08-10,119306.7578125,64755458694
2025-08-11,118731.4453125,90528784177
2025-08-12,120172.90625,72803657984
2025-08-13,123344.0625,90904808795
2025-08-14,118359.578125,104055627395
2025-08-15,117398.3515625,68665353159
2025-08-16,117491.3515625,48036922378
2025-08-17,117453.0625,45852169525
2025-08-18,116252.3125,72787808090
2025-08-19,112831.1796875,71657600353
2025-08-20,114274.7421875,67993811526
2025-08-21,112419.03125,57817883700
2025-08-22,116874.0859375,82528088240
2025-08-23,115374.328125,55377142586
2025-08-24,113458.4296875,73961489632
2025-08-25,110124.3515625,85706860190
2025-08-26,111802.65625,69396320317
2025-08-27,111222.0625,62137056409
2025-08-28,112544.8046875,58860155962
2025-08-29,108410.8359375,77843379644
2025-08-30,108808.0703125,51486264208
2025-08-31,108236.7109375,47986191770
2025-09-01,109250.59375,66870372995
2025-09-02,111200.5859375,74776999491
2025-09-03,111723.2109375,61119643565
2025-09-04,110723.6015625,60131132901
2025-09-05,110650.984375,60241647677
2025-09-06,110224.6953125,21500719036
2025-09-07,111167.6171875,24618007520
2025-09-08,112071.4296875,40212813407
2025-09-09,111530.546875,45984480722
2025-09-10,113955.359375,56377473784
2025-09-11,115507.5390625,45685065332
2025-09-12,116101.578125,54785725894
2025-09-13,115950.5078125,34549454947
2025-09-14,115407.65625,32798036057
2025-09-15,115444.875,52937859416
2025-09-16,116843.1875,45781744593
2025-09-17,116468.5078125,60528025996
2025-09-18,117137.203125,49457272032
2025-09-19,115688.859375,38828473971
2025-09-20,115721.9609375,22864449614
2025-09-21,115306.09375,22495852193
2025-09-22,112748.5078125,70684158591
2025-09-23,112014.5,47211853279
2025-09-24,113328.6328125,48044595085
2025-09-25,109049.2890625,75528654284
2025-09-26,109712.828125,57738288949
2025-09-27,109681.9453125,26308042910
2025-09-28,112122.640625,33371048505
2025-09-29,114400.3828125,60000147466
2025-09-30,114056.0859375,58986330258
2025-10-01,118648.9296875,71328680132
2025-10-02,120681.2578125,71415163912
2025-10-03,122266.53125,83941392228
2025-10-04,122425.4296875,36769171735
2025-10-05,123513.4765625,73689317763
2025-10-06,124752.53125,72568881188
2025-10-07,121451.3828125,76149412513
2025-10-08,123354.8671875,65354305286
2025-10-09,121705.5859375,74653009425
2025-10-10,113214.3671875,153125018868
2025-10-11,110807.8828125,110236934340
2025-10-12,115169.765625,93710414091
2025-10-13,115271.078125,71582026739
2025-10-14,113118.6640625,92212917403
2025-10-15,110783.1640625,72574132855
2025-10-16,108186.0390625,87306423067
2025-10-17,106467.7890625,99703051669
2025-10-18,107198.265625,37779905278
2025-10-19,108666.7109375,47657008953
2025-10-20,110588.9296875,63507793085
2025-10-21,108476.890625,101194375480
2025-10-22,107688.5859375,80807013218
2025-10-23,110069.7265625,54944076060
2025-10-24,111033.921875,48160816980
2025-10-25,111641.7265625,24707667305
2025-10-26,114472.4453125,41708524143
2025-10-27,114119.328125,61761358733
2025-10-28,112956.1640625,64528066504
2025-10-29,110055.3046875,62192043469
2025-10-30,108305.546875,69673964814
2025-10-31,109556.1640625,60090359560
2025-11-01,110064.015625,25871668762
2025-11-02,110639.625,34284209459
2025-11-03,106547.5234375,72852006359
2025-11-04,101590.5234375,110967184773
2025-11-05,103891.8359375,77584934804
2025-11-06,101301.2890625,63932752861
2025-11-07,103372.40625,92168030081
2025-11-08,102282.1171875,51446691095
2025-11-09,104719.640625,59679243013
2025-11-10,105996.59375,69585887229
2025-11-11,102997.46875,71130078574
2025-11-12,101663.1875,64347179408
2025-11-13,99697.4921875,101546815416
2025-11-14,94397.7890625,114346441890
2025-11-15,95549.1484375,38500716654
2025-11-16,94177.078125,71086235862
2025-11-17,92093.875,94186165724
2025-11-18,92948.875,101333569062
2025-11-19,91465.9921875,80350354656
2025-11-20,86631.8984375,97970645638
2025-11-21,85090.6875,129157506112
2025-11-22,84648.359375,40793099246
2025-11-23,86805.0078125,58083435576
2025-11-24,88270.5625,74433896110
2025-11-25,87341.890625,64837343545
2025-11-26,90518.3671875,66496301869
2025-11-27,91285.375,57040622845
2025-11-28,90919.265625,60895830289
2025-11-29,90851.7578125,37921773455
2025-11-30,90394.3125,38497902869
2025-12-01,86321.5703125,87962894424
2025-12-02,91350.203125,78546798211
2025-12-03,93527.8046875,77650204986
2025-12-04,92141.625,64538402681
2025-12-05,89387.7578125,63256398633
2025-12-06,89272.375,37994042405
2025-12-07,90405.640625,47394898960
2025-12-08,90640.203125,57394099056
2025-12-09,92691.7109375,66861721440
2025-12-10,92020.9453125,65420694513
2025-12-11,92511.3359375,64532834621
2025-12-12,90270.4140625,80275884583
2025-12-13,90298.7109375,64237748110
2025-12-14,88175.1796875,50465972205
2025-12-15,86419.78125,45559514323
2025-12-16,87843.984375,41262178223
2025-12-17,86143.7578125,44243392914
2025-12-18,85462.5078125,52667115348
2025-12-19,88103.3828125,46733310561
2025-12-20,88344.0,14688196659
2025-12-21,88621.75,19845522660
2025-12-22,88490.015625,38047472118
2025-12-23,87414.0,43683011533
2025-12-24,87611.9609375,25550297986
2025-12-25,87234.7421875,19953216347
2025-12-26,87301.4296875,42455674908
2025-12-27,87802.15625,13741199310
2025-12-28,87835.8359375,15156557929
2025-12-29,87138.140625,48411625849
2025-12-30,88430.1328125,35586356225
2025-12-31,87508.828125,33830210616
2026-01-01,88731.984375,18849043990
2026-01-02,89944.6953125,46398906171
2026-01-03,90603.1875,20774828592
2026-01-04,91413.4921875,26770491368
2026-01-05,93882.5546875,53376407252
2026-01-06,93729.03125,52430605257
2026-01-07,91308.0546875,43461295053
2026-01-08,91027.125,42386697030
2026-01-09,90513.1015625,38305906684
2026-01-10,90386.6484375,12385895282
2026-01-11,90827.4609375,17165568977
2026-01-12,91192.9921875,41346275358
2026-01-13,95321.78125,54980674354
2026-01-14,96929.328125,60592490863
2026-01-15,95551.1875,53086363027
2026-01-16,95525.1171875,33248170537
2026-01-17,95099.921875,16021715122
2026-01-18,93634.4296875,20809781232
2026-01-19,92553.59375,39195241508
2026-01-20,88310.90625,53072968031
2026-01-21,89376.9609375,56330422434
2026-01-22,89462.453125,35549685694
2026-01-23,89503.875,38997586037
2026-01-24,89110.734375,14558687712
2026-01-25,86572.21875,36124986722
2026-01-26,88267.140625,45329286974
2026-01-27,89102.5703125,38744942267
2026-01-28,89184.5703125,39807419296
2026-01-29,84561.5859375,64653083162
2026-01-30,84128.65625,72083816087
2026-01-31,78621.1171875,70479259159
2026-02-01,76974.4453125,53372509744
2026-02-02,78688.765625,75140589684
2026-02-03,75633.546875,68249110822
2026-02-04,73019.703125,67215363944
2026-02-05,62702.09765625,125509410908
2026-02-06,70555.390625,114674259489
2026-02-07,69281.96875,62347107663
2026-02-08,70264.7265625,39721722619
2026-02-09,70120.78125,52081598792
2026-02-10,68793.9609375,40593063077
2026-02-11,66991.96875,49671946030
2026-02-12,66221.84375,44651071271
2026-02-13,68857.84375,40820775886
2026-02-14,69767.625,36012397645
2026-02-15,68788.1875,40191152750
2026-02-16,68843.15625,33618145426
2026-02-17,67494.21875,34866936040
2026-02-18,66425.3203125,33094301643
2026-02-19,66957.5234375,31492987019
2026-02-20,68005.421875,47507867304
2026-02-21,68003.765625,18357635642
2026-02-22,67659.390625,17893536012
2026-02-23,64616.73828125,50953457309
2026-02-24,64080.04296875,40849331086
2026-02-25,67960.125,53629234355
2026-02-26,67453.7734375,42988597523
2026-02-27,65881.796875,40283655942
2026-02-28,66995.859375,42041497112
2026-03-01,65738.1015625,40733141929
2026-03-02,68775.8515625,56698092052
2026-03-03,68293.6484375,47947999049
2026-03-04,72710.578125,75073101274
2026-03-05,70841.125,51172841727
2026-03-06,68136.4921875,43776962871
2026-03-07,67272.59375,23258701211
2026-03-08,65969.78125,33195080116
2026-03-09,68402.3828125,49499875378
2026-03-10,69926.921875,54003996096
2026-03-11,70204.8828125,45236859848
2026-03-12,70493.4609375,40871848129
2026-03-13,70968.265625,61167226505
2026-03-14,71214.625,22283546496
2026-03-15,72789.9140625,27991268669
2026-03-16,74861.0859375,55572438409
2026-03-17,73922.4765625,49500721728
2026-03-18,71245.578125,46229011155
2026-03-19,69912.7890625,44631433398
2026-03-20,70522.5859375,38299078407
2026-03-21,68711.5234375,21109354718
2026-03-22,67845.2109375,30108051508
2026-03-23,70914.859375,51508669357
2026-03-24,70517.859375,40181522399
2026-03-25,71309.8828125,35409791747
2026-03-26,68791.625,38962070215
2026-03-27,66338.375,46483453594
2026-03-28,66319.6953125,20924883455
2026-03-29,65954.921875,21645889785
2026-03-30,66691.4453125,37694994180
2026-03-31,68233.3125,42997691338
2026-04-01,68078.5546875,36465393617
2026-04-02,66888.5703125,39323384518
2026-04-03,66931.1015625,22815543346
2026-04-04,67290.515625,15878814963
2026-04-05,68981.8984375,22972648674
2026-04-06,68859.828125,39542143229
2026-04-07,71940.703125,44650511480
2026-04-08,71123.359375,42444631703
2026-04-09,71767.828125,38799581473
2026-04-10,72979.046875,37722595732
2026-04-11,73054.2734375,23287073965
2026-04-12,70753.40625,29882740487
2026-04-13,74484.640625,52278211554
2026-04-14,74181.609375,53540826530
2026-04-15,74805.078125,38090174312
2026-04-16,75152.1328125,41312783855
2026-04-17,77126.875,54137194839
2026-04-18,75726.2109375,26014416776
2026-04-19,73856.3515625,30931515195
2026-04-20,75872.5234375,39674447916
2026-04-21,76352.7734375,36453522626
2026-04-22,78203.1015625,48336654537
2026-04-23,78268.953125,40354900916
2026-04-24,77455.3125,32784213526
2026-04-25,77612.015625,16702933134
2026-04-26,78657.5390625,21482934750
2026-04-27,77366.625,38135631927
2026-04-28,76350.671875,32056900880
2026-04-29,75776.1328125,41460907886
2026-04-30,76304.3203125,29497862305
2026-05-01,78179.0,39164328894
2026-05-02,78657.25,16761531851
2026-05-03,78538.2265625,20544392639
2026-05-04,79827.90625,54325085296
2026-05-05,80927.0546875,39700107376
2026-05-06,81427.53125,41751540000
2026-05-07,80009.9921875,36931193154
2026-05-08,80186.765625,33789351540
2026-05-09,80664.3671875,18102086996
2026-05-10,82138.9296875,26965971077
2026-05-11,81728.296875,32409774919
2026-05-12,80477.4921875,32186688600
2026-05-13,79277.1171875,34075428359
2026-05-14,81051.25,43731663431
2026-05-15,79065.6796875,38183347368
2026-05-16,78131.4375,25895799905
2026-05-17,77429.3515625,20900166465
2026-05-18,76954.171875,41520471808
2026-05-19,76750.90625,26031898332
2026-05-20,77457.7734375,26668360936
2026-05-21,77539.171875,27141485404
2026-05-22,75488.2421875,27859040109
2026-05-23,76673.3671875,29973220002
2026-05-24,76981.125,20572738918
2026-05-25,77279.9296875,19808387601
2026-05-26,75825.734375,35999475458
2026-05-27,74344.703125,33802172927
2026-05-28,73536.5546875,40148145327
2026-05-29,73372.5234375,34457929250
2026-05-30,73754.8359375,19563589191
2026-05-31,73579.6875,17445435650
2026-06-01,71319.7734375,43378836121
2026-06-02,66703.65625,54990073882
2026-06-03,64014.3671875,47411556213
2026-06-04,63801.57421875,63800151780
2026-06-05,60922.66796875,71465606706
2026-06-06,60867.4140625,30898464957
2026-06-07,63239.51953125,36006496194
2026-06-08,63090.58984375,34133252457
2026-06-09,61643.78125,40144449754
2026-06-10,61449.2890625,27493506779
2026-06-11,63561.0546875,29316677897
2026-06-12,63543.19921875,26881868307
2026-06-13,64421.32421875,16956245530
2026-06-14,65710.3984375,21572226975
2026-06-15,66289.5,32927321950
2026-06-16,65600.640625,25063963967
2026-06-17,64418.4453125,31288885189
2026-06-18,62896.47265625,30432454936
2026-06-19,63540.8359375,22361931660
2026-06-20,64239.67578125,17486384117
2026-06-21,63237.5390625,15739619591
2026-06-22,63952.10546875,26561496819
2026-06-23,62668.01953125,29608942370
2026-06-24,60995.1328125,42644106535
2026-06-25,59721.67578125,40625024718
2026-06-26,60016.4296875,41502864671
2026-06-27,59940.09765625,15099836554
2026-06-28,59532.33984375,16282230874
2026-06-29,60138.37890625,30829983083
2026-06-30,58558.859375,32747419391
2026-07-01,60003.7578125,37904450118
2026-07-02,61485.30078125,40109297349
2026-07-03,62544.19921875,26131813598
2026-07-04,63088.3046875,18608397613
2026-07-05,63547.8828125,18267466154
2026-07-06,63995.015625,36552222303
2026-07-07,63297.39453125,31026493556
2026-07-08,62257.57421875,27349235354
2026-07-09,63193.1484375,26546256117
2026-07-10,64127.140625,27450201269
2026-07-11,63802.02734375,13954689047
2026-07-12,63758.21875,19043437787
2026-07-13,62239.12109375,37650044790
2026-07-14,64956.11328125,29841287318
2026-07-15,64712.375,27029791676
2026-07-16,63789.28125,27232426674
2026-07-17,63899.4609375,27280236800
2026-07-18,64796.6015625,14162542470
2026-07-19,64690.8046875,15000653941
2026-07-20,65230.02734375,30988932408
2026-07-21,66505.125,29554470321
2026-07-22,66100.796875,28142272410
2026-07-23,65044.8125,24364433538
2026-07-24,64098.49609375,25917559237
2026-07-25,64311.8125,13817493398
2026-07-26,65340.30078125,14301494281
2026-07-27,63724.8984375,26183821002
2026-07-28,63871.36328125,24128738898
2026-07-29,63908.16796875,28611167472
2026-07-30,64725.30859375,26250039650
2026-07-31,62813.74609375,30439749629
2026-08-01,62763.3203125,13553286543
2026-08-02,63482.0,15901776708
2026-08-03,63460.8984375,26038889824
2026-08-04,64055.953125,23662357784
2026-08-05,64597.5,23568584891
2026-08-06,64262.11328125,18529402711
2026-08-07,64880.19140625,22165720102
2026-08-08,64904.6875,12350094271
2026-08-09,64844.88671875,13234538380
2026-08-10,63910.5859375,22384770392
2026-08-11,63551.875,20824820662
2026-08-12,63402.43359375,23063864553
2026-08-13,63402.171875,18765583756
2026-08-14,62975.59375,20280053024
2026-08-15,63024.3203125,10033057106
2026-08-16,62818.65234375,9078986635
2026-08-17,64506.25390625,21555405073
2026-08-18,64680.7109375,18728001793
2026-08-19,69266.1875,46228098443
2026-08-20,73032.7578125,55444322363
2026-08-21,78335.1875,74478039014
2026-08-22,77083.4140625,42131959963
2026-08-23,77755.265625,31158396908
2026-08-24,78964.484375,55502180329
2026-08-25,78564.9765625,46728068401
2026-08-26,79027.421875,29329039002
2026-08-27,80257.5390625,34033075972
2026-08-28,77830.2890625,39362871737
2026-08-29,78245.8125,14053131399
2026-08-30,77667.5703125,19314839672
2026-08-31,78548.6328125,30608386987
2026-09-01,77403.625,30608796575
2026-09-02,77300.4765625,26525296646
2026-09-03,81271.7421875,40504199354
2026-09-04,79671.96875,37501874897
2026-09-05,79823.8671875,18559708494
2026-09-06,80350.046875,19391863269
2026-09-07,79115.8515625,23414434445
2026-09-08,78438.578125,34680168667
2026-09-09,78259.5234375,29192409298
2026-09-10,76568.125,30120111719
2026-09-11,77173.796875,37410998193
2026-09-12,77270.46875,12664765797
2026-09-13,76838.15625,13607872549
2026-09-14,78163.3828125,29909358382
2026-09-15,75612.5078125,39694675220
2026-09-16,76150.3203125,30053315577
2026-09-17,76403.7734375,21917458567
2026-09-18,80901.4609375,40378562386
2026-09-19,81233.6796875,20505634866
2026-09-20,81142.609375,21259753701
2026-09-21,86602.9140625,57676223471
2026-09-22,86172.28125,40800687783
2026-09-23,84383.0078125,46088463341
2026-09-24,84379.0625,37106744985
2026-09-25,84034.921875,34118533914
2026-09-26,84406.453125,15169336375
2026-09-27,84458.0859375,19386591468
2026-09-28,83502.609375,42589028679
2026-09-29,83622.4296875,28029782264
2026-09-30,83553.8515625,36290317874
2026-10-01,84853.1015625,32802609098
2026-10-02,84497.2109375,46528418756
2026-10-03,84763.578125,12574826191
2026-10-04,86480.3046875,15031650242
